data_category,data_type,version,subject,grade,upload_time,file_url
data_category,data_type,version,subject,grade,upload_time,file_url
data_category,data_type,version,subject,grade,upload_time,file_url
data_category,data_type,version,subject,grade,upload_time,file_url
data_category,data_type,version,subject,grade,upload_time,file_url
data_category,data_type,version,subject,grade,upload_time,file_url
data_category,data_type,version,subject,grade,upload_time,file_url
data_category,data_type,version,subject,grade,upload_time,file_url
data_category,data_type,version,subject,grade,upload_time,file_url
data_category,data_type,version,subject,grade,upload_time,file_url
data_category,data_type,version,subject,grade,upload_time,file_url
data_category,data_type,version,subject,grade,upload_time,file_url
data_category,data_type,version,subject,grade,upload_time,file_url
data_category,data_type,version,subject,grade,upload_time,file_url
