file_name,province
file_name,province
file_name,province
file_name,province
file_name,province
file_name,province
file_name,province
file_name,province
file_name,province
file_name,province
file_name,province
file_name,province
file_name,province
file_name,province
file_name,province
file_name,province
file_name,province
file_name,province
file_name,province
file_name,province
file_name,province
file_name,province
file_name,province
file_name,province
file_name,province
file_name,province
file_name,province
file_name,province
file_name,province
file_name,province
file_name,province
file_name,province
file_name,province
file_name,province
file_name,province
file_name,province
file_name,province
file_name,province
file_name,province
file_name,province
file_name,province
file_name,province
file_name,province
file_name,province
file_name,province
file_name,province
file_name,province
file_name,province
file_name,province
file_name,province
file_name,province
file_name,province
file_name,province
file_name,province
file_name,province
file_name,province
file_name,province
file_name,province
file_name,province
file_name,province
file_name,province
file_name,province
file_name,province
file_name,province
file_name,province
file_name,province
file_name,province
file_name,province
file_name,province
file_name,province
file_name,province
file_name,province
file_name,province
file_name,province
file_name,province
file_name,province
file_name,province
file_name,province
file_name,province
file_name,province
file_name,province
file_name,province
file_name,province
file_name,province
file_name,province
file_name,province
file_name,province
file_name,province
file_name,province
file_name,province
file_name,province
file_name,province
file_name,province
file_name,province
file_name,province
file_name,province
file_name,province
file_name,province
